{
  "welcomeFile": "/index.html",
  "authenticationMethod": "route",
  "routes": [
    {
        "source": "^/analyze/(.*)$",
        "target": "/analyze/$1",
        "destination": "btp-fiori-analyzer-srv-api",
        "authenticationType": "xsuaa",
        "csrfProtection": true
    },
    {
      "source": "^/resources/(.*)$",
      "target": "/resources/$1",
      "authenticationType": "none",
      "destination": "ui5"
    },
    {
      "source": "^/test-resources/(.*)$",
      "target": "/test-resources/$1",
      "authenticationType": "none",
      "destination": "ui5"
    },
    {
      "source": "^(.*)$",
      "target": "$1",
      "service": "html5-apps-repo-rt",
      "authenticationType": "xsuaa"
    }
  ]
}
